{"cameraMode":{"drawMode":0,"name":"Shaded","section":"Shading Mode"},"sceneLighting":true,"audioPlay":false,"sceneViewState":{"m_AlwaysRefresh":false,"showFog":true,"showSkybox":true,"showFlares":true,"showImageEffects":true,"showParticleSystems":true,"showVisualEffectGraphs":true,"m_FxEnabled":true},"in2DMode":false,"pivot":{"x":-43.16366195678711,"y":1.8479804992675782,"z":63.19380187988281},"rotation":{"x":0.014129678718745709,"y":-0.9856107831001282,"z":0.10717101395130158,"w":0.12996695935726167},"size":94.3951644897461,"orthographic":false}